"ID йНЛОЮМХХ";"мЮГБЮМХЕ ЙНЛОЮМХХ";"ID ПЕЙБХГХРЮ";"мЮГБЮМХЕ ПЕЙБХГХРЮ";"мЮГБЮМХЕ ЙНЛОЮМХХ Б ПЕЙБХГХРЮУ"
48568;"NSBURO - юн ""мяа""";52101;"цЕНПЦХИ яЕКЕГМЕБ";
48568;"NSBURO - юн ""мяа""";35781;"юн ""мяа""";"юн ""мяа"""
34528;"югхлср метреяепбхя ннн";53978;"мХЙНКЮИ рЧРЧММХЙ";
34528;"югхлср метреяепбхя ннн";31516;"ннн ""югхлср метреяепбхя""";"ннн ""югхлср метреяепбхя"""
46658;"юХП-ЦЮМ - ннн ""юркерхйн-2""";53462;"оЮБЕК +7 (977) 667-71-21";
46658;"юХП-ЦЮМ - ннн ""юркерхйн-2""";34297;"ннн ""юркерхйн-2""";"ннн ""юркерхйн-2"""
55260;"юн ""юМОГ бмй"" - юн ""юмог бмй""";53330;"йНМЯРЮМРХМ аЕКЮЬ";
55260;"юн ""юМОГ бмй"" - юн ""юмог бмй""";42463;"юн ""юмог бмй""";"юн ""юмог бмй"""
51658;"юн ""дектхм цпсо""  - ннн ""дектхм кнцхярхй""";53817;"длХРПХИ +7 (917) 677-62-49";
51658;"юн ""дектхм цпсо""  - ннн ""дектхм кнцхярхй""";38538;"ннн ""дектхм кнцхярхй""";"ннн ""дектхм кнцхярхй"""
16882;"юн ""дектхм цпсо"" / delfinrus.com - юн ""дектхм цпсо""";33252;"юн ""дектхм цпсо""";"юн ""дектхм цпсо"""
16882;"юн ""дектхм цпсо"" / delfinrus.com - юн ""дектхм цпсо""";33595;"ннн рт ""лнрнп""";"ннн рт ""лнрнп"""
44910;"юн ""дхонкэ реумнкнцхх"" / dipaul.ru";31620;"ннн ""дхонкэ""";"ннн ""дхонкэ"""
44910;"юн ""дхонкэ реумнкнцхх"" / dipaul.ru";32497;"юн ""дхонкэ реумнкнцхх""";"юн ""дхонкэ реумнкнцхх"""
44782;"юн ""гЕПМН яХАХПХ""  - юн ""гепмн яхахпх""";51870;"юКЕЙЯЕИ яРНЦНБ";
44782;"юн ""гЕПМН яХАХПХ""  - юн ""гепмн яхахпх""";32346;"юн ""гепмн яхахпх""";"юн ""гепмн яхахпх"""
12670;"юн ""йнмжепм ""янгбегдхе""";30871;"юн ""йнмжепм ""янгбегдхе""";"юн ""йнмжепм ""янгбегдхе"""
12670;"юн ""йнмжепм ""янгбегдхе""";37753;"юн ""йнмжепм ""янгбегдхе""";"юн ""йнмжепм ""янгбегдхе"""
4516;"юн ""лняхмфопнейр""";32409;нПЦЮМХГЮЖХЪ;"ннн ""пдм"""
4516;"юн ""лняхмфопнейр""";32532;"юн ""лняхмфопнейр""";"юн ""лняхмфопнейр"""
30338;"юн ""мххоо""";38105;"юн ""мххоо""";"юн ""мххоо"""
30338;"юн ""мххоо""";38210;"юн ""мххоо""";"юн ""мххоо"""
49471;"юн ""яхаметрецюг""";36631;"юн ""яхаметрецюг""";"юн ""яхаметрецюг"""
49471;"юн ""яхаметрецюг""";36833;"юн ""яхаметрецюг""";"юн ""яхаметрецюг"""
58064;"юн ""жюр"" - юн ""жюр""";53133;"яБЕРКЮМЮ лНЯЙБХМЮ";
58064;"юн ""жюр"" - юн ""жюр""";45807;"юн ""жюр""";"юн ""жюр"""
44744;"бЕПЬХМЮ - ннн ""бепьхмю""";52627;"оЮБЕК 1117";
44744;"бЕПЬХМЮ - ннн ""бепьхмю""";32305;"ннн ""бепьхмю""";"ннн ""бепьхмю"""
50347;"цюсй рчг ХЛ. ю. бЮЛОХКНБЮ";37342;"цюсй рчг хл. ю. бюлохкнбю";"цюсй рчг хл. ю. бюлохкнбю"
50347;"цюсй рчг ХЛ. ю. бЮЛОХКНБЮ";37635;"цюсй рчг хл. ю. бюлохкнбю";"цюсй рчг хл. ю. бюлохкнбю"
24876;"ценнорхй - ннн ""ценнорхй""";34411;"ннн ""ценнорхй""";"ннн ""ценнорхй"""
24876;"ценнорхй - ннн ""ценнорхй""";36655;"ннн ""ценнорхй""";"ннн ""ценнорхй"""
32460;"цНЯСДЮПЯРБЕММШИ ЛСГШЙЮКЭМШИ РЕЮРП йСГАЮЯЯЮ  - цюсй ""лсгшйюкэмши реюрп йсгаюяяю хл.ю. анапнбю""";54019;юКЕЙЯЕИ;
32460;"цНЯСДЮПЯРБЕММШИ ЛСГШЙЮКЭМШИ РЕЮРП йСГАЮЯЯЮ  - цюсй ""лсгшйюкэмши реюрп йсгаюяяю хл.ю. анапнбю""";32602;"цюсй ""лсгшйюкэмши реюрп йсгаюяяю хл.ю. анапнбю""";"цюсй ""лсгшйюкэмши реюрп йсгаюяяю хл.ю. анапнбю"""
37918;"цПСООЮ йНЛОЮМХИ щМЯХ - ннн ""щмях""";54006;"еБЦЕМХЪ ыЕПАЮЙНБЮ";
37918;"цПСООЮ йНЛОЮМХИ щМЯХ - ннн ""щмях""";34883;"ннн ""щмях""";"ннн ""щмях"""
48440;"дЩТН - ннн ""дщтн-леаекэ""";35697;"ннн ""дщтн-леаекэ""";"ннн ""дщтн-леаекэ"""
48440;"дЩТН - ннн ""дщтн-леаекэ""";37633;"ннн ""дщтн-леаекэ""";"ннн ""дщтн-леаекэ"""
50465;"гЮБНД бйн - ннн ""гюбнд бйн""";37436;"ннн ""гюбнд бйн""";"ннн ""гюбнд бйн"""
50465;"гЮБНД бйн - ннн ""гюбнд бйн""";37559;"ннн ""гюбнд бйн""";"ннн ""гюбнд бйн"""
45423;"гюбнд пцо - ннн ""гюбнд пцо"" / rgp-tech.ru";33061;"ннн ""гюбнд пцо""";"ннн ""гюбнд пцо"""
45423;"гюбнд пцо - ннн ""гюбнд пцо"" / rgp-tech.ru";34482;"ннн ""гюбнд пцо""";"ннн ""гюбнд пцо"""
29346;"гюн ""цй ""юярнпхъ"" - гюн ""цй ""юярнпхъ""";34460;"гюн ""цй ""юярнпхъ""";"гюн ""цй ""юярнпхъ"""
29346;"гюн ""цй ""юярнпхъ"" - гюн ""цй ""юярнпхъ""";38512;"гюн ""цй ""юярнпхъ""";"гюн ""цй ""юярнпхъ"""
46496;"гюн ""йХПФЮВЯЙХИ лНКНВМШИ гЮБНД"" - гюн ""йхпфювяйхи лнкнвмши гюбнд""";34149;"гюн ""йхпфювяйхи лнкнвмши гюбнд""";"гюн ""йхпфювяйхи лнкнвмши гюбнд"""
46496;"гюн ""йХПФЮВЯЙХИ лНКНВМШИ гЮБНД"" - гюн ""йхпфювяйхи лнкнвмши гюбнд""";39284;"гюн ""йхпфювяйхи лнкнвмши гюбнд""";"гюн ""йхпфювяйхи лнкнвмши гюбнд"""
45187;"гюн ""йлйх ""дНАПШМХМЯЙХИ"" ";32798;"гюн ""йлйх ""днапшмхмяйхи""";"гюн ""йлйх ""днапшмхмяйхи"""
45187;"гюн ""йлйх ""дНАПШМХМЯЙХИ"" ";37259;"гюн ""йлйх ""днапшмхмяйхи""";"гюн ""йлйх ""днапшмхмяйхи"""
46037;"гюн ""менйнп""";33701;"гюн ""менйнп""";"гюн ""менйнп"""
46037;"гюн ""менйнп""";38500;"гюн ""менйнп""";"гюн ""менйнп"""
49800;"гюн ""оепбюъ леаекэмюъ тюапхйю""";52456;"юКЕЙЯЮМДП 3501";
49800;"гюн ""оепбюъ леаекэмюъ тюапхйю""";36902;"гюн ""оепбюъ леаекэмюъ тюапхйю""";"гюн ""оепбюъ леаекэмюъ тюапхйю"""
31754;"гля ремгхд";31754;"ннн ""гля ремгхд""";"ннн ""гля ремгхд"""
31754;"гля ремгхд";34116;нПЦЮМХГЮЖХЪ;"ннн ""гля ремгхд"""
50145;"хМД рПЕИД - ннн ""хмд рпеид""";37181;"ннн ""хмд рпеид""";"ннн ""хмд рпеид"""
50145;"хМД рПЕИД - ннн ""хмд рпеид""";39685;"ннн ""хмд рпеид""";"ннн ""хмд рпеид"""
50605;"хМДХБХДСЮКЭМШИ ОПЕДОПХМХЛЮРЕКЭ еПОЕКНБ юПРЕЛ юМДПЕЕБХВ";37572;"хо епоекнб юпрел юмдпеебхв";"ннн ""яекйнл бпм"""
50605;"хМДХБХДСЮКЭМШИ ОПЕДОПХМХЛЮРЕКЭ еПОЕКНБ юПРЕЛ юМДПЕЕБХВ";37590;"ннн ""яекйнл бпм""";"ннн ""яекйнл бпм"""
50605;"хМДХБХДСЮКЭМШИ ОПЕДОПХМХЛЮРЕКЭ еПОЕКНБ юПРЕЛ юМДПЕЕБХВ";37598;"ннн ""яекйнл бпм""";"ннн ""яекйнл бпм"""
55586;"хо йНГНПНБХЖЙХИ дЛХРПХИ юМЮРНКЭЕБХВ";42850;нПЦЮМХГЮЖХЪ;
55586;"хо йНГНПНБХЖЙХИ дЛХРПХИ юМЮРНКЭЕБХВ";42851;"хо йНГНПНБХЖЙХИ дЛХРПХИ юМЮРНКЭЕБХВ";"хо йНГНПНБХЖЙХИ дЛХРПХИ юМЮРНКЭЕБХВ"
39307;"хо лЮКХМХМ бЮКЕПХИ бКЮДХЛХПНБХВ";31123;"хо лЮКХМХМ бЮКЕПХИ бКЮДХЛХПНБХВ";"хо лЮКХМХМ бЮКЕПХИ бКЮДХЛХПНБХВ"
39307;"хо лЮКХМХМ бЮКЕПХИ бКЮДХЛХПНБХВ";33067;"хо лЮКХМХМ бЮКЕПХИ бКЮДХЛХПНБХВ";
51053;"хо лМНЪМ юПЮЛ лХЬЮХ";37990;"хо лмнъм юпюл лхьюх";
51053;"хо лМНЪМ юПЮЛ лХЬЮХ";37992;"хо лмнъм юпюл лхьюх";
34626;"хо лНЯХЕМЙН бКЮДХЛХП юМЮРНКЭЕБХВ";31533;"хо лНЯХЕМЙН бКЮДХЛХП юМЮРНКЭЕБХВ";"хо лНЯХЕМЙН бКЮДХЛХП юМЮРНКЭЕБХВ"
34626;"хо лНЯХЕМЙН бКЮДХЛХП юМЮРНКЭЕБХВ";33250;"хо лНЯХЕМЙН бКЮДХЛХП юМЮРНКЭЕБХВ";
34626;"хо лНЯХЕМЙН бКЮДХЛХП юМЮРНКЭЕБХВ";39813;"хо лНЯХЕМЙН бКЮДХЛХП юМЮРНКЭЕБХВ";"хо лНЯХЕМЙН бКЮДХЛХП юМЮРНКЭЕБХВ"
49650;"хо оСВЙНБ юКЕЙЯЕИ чПЭЕБХВ - хо оСВЙНБ юКЕЙЯЕИ чПЭЕБХВ";52002;"яЕПЦЕИ 9528";
49650;"хо оСВЙНБ юКЕЙЯЕИ чПЭЕБХВ - хо оСВЙНБ юКЕЙЯЕИ чПЭЕБХВ";36743;"хо оСВЙНБ юКЕЙЯЕИ чПЭЕБХВ";"хо оСВЙНБ юКЕЙЯЕИ чПЭЕБХВ"
50234;"хо пШФЙН щЛХКХЪ юКЕЙЯЮМДПНБМЮ";53478;"лХУЮХК аЮПЮМНБ";
50234;"хо пШФЙН щЛХКХЪ юКЕЙЯЮМДПНБМЮ";37251;"хо пШФЙН щЛХКХЪ юКЕЙЯЮМДПНБМЮ";"хо пШФЙН щЛХКХЪ юКЕЙЯЮМДПНБМЮ"
9588;"хо уКЮОНБ еБЦЕМХИ хЦНПЕБХВ";32469;"хо уКЮОНБ еБЦЕМХИ хЦНПЕБХВ";
9588;"хо уКЮОНБ еБЦЕМХИ хЦНПЕБХВ";32476;"хо уКЮОНБ еБЦЕМХИ хЦНПЕБХВ";"хо уКЮОНБ еБЦЕМХИ хЦНПЕБХВ"
9588;"хо уКЮОНБ еБЦЕМХИ хЦНПЕБХВ";37566;"хо уКЮОНБ еБЦЕМХИ хЦНПЕБХВ";"хо уКЮОНБ еБЦЕМХИ хЦНПЕБХВ"
21598;"хо вХЯРЪЙНБ йНМЯРЮМРХМ аНПХЯНБХВ";31921;"хо вХЯРЪЙНБ йНМЯРЮМРХМ аНПХЯНБХВ";"хо вХЯРЪЙНБ йНМЯРЮМРХМ аНПХЯНБХВ"
21598;"хо вХЯРЪЙНБ йНМЯРЮМРХМ аНПХЯНБХВ";33355;"хо вХЯРЪЙНБ йНМЯРЮМРХМ аНПХЯНБХВ";"хо вХЯРЪЙНБ йНМЯРЮМРХМ аНПХЯНБХВ"
46189;"хо ыЕКЙСМНБ яЕПЦЕИ бКЮДХЛХПНБХВ";33846;"хо ыЕКЙСМНБ яЕПЦЕИ бКЮДХЛХПНБХВ";
46189;"хо ыЕКЙСМНБ яЕПЦЕИ бКЮДХЛХПНБХВ";32985;"ннн ""псяхв""";
45842;"хтмя пняяхх ╧ 4 он ц. лняйбе";33492;"хтмя пняяхх ╧ 4 он ц. лняйбе";"хтмя пняяхх ╧ 4 он ц. лняйбе"
45842;"хтмя пняяхх ╧ 4 он ц. лняйбе";33493;"ннн ""аюпяхрх""";"ннн ""аюпяхрх"""
42619;"йбн-юпл ннн";30070;нПЦЮМХГЮЖХЪ;"ннн ""йбн-юпл"""
42619;"йбн-юпл ннн";38352;"ннн ""йбн-юпл""";"ннн ""йбн-юпл"""
31578;"йбж-рПЕИД гюн - гюн ""йбж-рпеид""";30653;"гюн ""йбж-рпеид""";"гюн ""йбж-рпеид"""
31578;"йбж-рПЕИД гюн - гюн ""йбж-рпеид""";37835;"гюн ""йбж-рпеид""";"гюн ""йбж-рпеид"""
15444;"йнкня-опнл ннн";35855;"ннн ""йнкня-опнл""";"ннн ""йнкня-опнл"""
15444;"йнкня-опнл ннн";37942;"ннн ""йнкня-опнл""";"ннн ""йнкня-опнл"""
47863;"йНЛОЮМХЪ юЦПНЛЮЙЯ - ннн ""юцпнлюйя""";35294;"ннн ""юцпнлюйя""";"ннн ""юцпнлюйя"""
47863;"йНЛОЮМХЪ юЦПНЛЮЙЯ - ннн ""юцпнлюйя""";39273;"ннн ""юцпнлюйя""";"ннн ""юцпнлюйя"""
32662;"йНПЯСМ бКЮДХЛХП оЕРПНБХВ - хо йНПЯСМ бКЮДХЛХП оЕРПНБХВ";37799;нПЦЮМХГЮЖХЪ;
32662;"йНПЯСМ бКЮДХЛХП оЕРПНБХВ - хо йНПЯСМ бКЮДХЛХП оЕРПНБХВ";37800;"хо йНПЯСМ бКЮДХЛХП оЕРПНБХВ";"хо йНПЯСМ бКЮДХЛХП оЕРПНБХВ"
51486;"йПЮЯМНДЮПЯЙХИ ОПХАНПМШИ ГЮБНД ╚йЮЯЙЮД╩";38376;"юн ""йог ""йюяйюд""";"юн ""йог ""йюяйюд"""
51486;"йПЮЯМНДЮПЯЙХИ ОПХАНПМШИ ГЮБНД ╚йЮЯЙЮД╩";38581;"юн ""йог ""йюяйюд""";"юн ""йог ""йюяйюд"""
13692;"йПЕИР - ннн ""йпеир""";54035;нКЕЯЪ;
13692;"йПЕИР - ннн ""йпеир""";48406;"ннн ""йпеир""";"ннн ""йпеир"""
52360;"йту ""бхмндекэмъ ""юпюмвх""";39169;"йту ""бхмндекэмъ ""юпюмвх""";"йту ""бхмндекэмъ ""юпюмвх"""
52360;"йту ""бхмндекэмъ ""юпюмвх""";39464;"йту ""бхмндекэмъ ""юпюмвх""";"йту ""бхмндекэмъ ""юпюмвх"""
47000;"йэчрщй - ннн ""йэчрщй""";34619;"ннн ""йэчрщй""";"ннн ""йэчрщй"""
47000;"йэчрщй - ннн ""йэчрщй""";39734;"ннн ""йэчрщй""";"ннн ""йэчрщй"""
45109;"кюанпюрнпхъ реумнкнцхвеяйни ндефдш ннн - ннн ""крн""";32719;"ннн ""крн""";"ннн ""крн"""
45109;"кюанпюрнпхъ реумнкнцхвеяйни ндефдш ннн - ннн ""крн""";33030;"ннн ""крн""";"ннн ""крн"""
30800;"кюлнаюик ннн - ннн ""кюлнаюик""";30688;"ннн ""кюлнаюик""";"ннн ""кюлнаюик"""
30800;"кюлнаюик ннн - ннн ""кюлнаюик""";30724;"ннн ""кюлнаюик""";"ннн ""кюлнаюик"""
40552;"кХЙЮР ннн - ннн ""кхйюр""";32963;"ннн ""кхйюр""";"ннн ""кхйюр"""
40552;"кХЙЮР ннн - ннн ""кхйюр""";38993;"ннн ""кхйюр""";"ннн ""кхйюр"""
49905;"кхнм - ннн ""рнпцнбши днл ""кхнм""";36980;"ннн ""рнпцнбши днл ""кхнм""";"ннн ""рнпцнбши днл ""кхнм"""
49905;"кхнм - ннн ""рнпцнбши днл ""кхнм""";36984;"ннн ""рнпцнбши днл ""кхнм""";"ннн ""рнпцнбши днл ""кхнм"""
33470;"кНЦХЯРХВЕЯЙХЕ ПЕЬЕМХЪ ннн - ннн ""кнцхярхвеяйхе пеьемхъ""";33167;"ннн ""кнцхярхвеяйхе пеьемхъ""";"ннн ""кнцхярхвеяйхе пеьемхъ"""
33470;"кНЦХЯРХВЕЯЙХЕ ПЕЬЕМХЪ ннн - ннн ""кнцхярхвеяйхе пеьемхъ""";33168;"ннн ""кнцхярхвеяйхе пеьемхъ""";"ннн ""кнцхярхвеяйхе пеьемхъ"""
48244;"л-юИрХ мюн - ннн ""л-юирх мюн""";35541;"ннн ""л-юирх мюн""";"ннн ""л-юирх мюн"""
48244;"л-юИрХ мюн - ннн ""л-юирх мюн""";38563;"ннн ""л-юирх мюн""";"ннн ""л-юирх мюн"""
49440;"лЮРЭ Х ДХРЪ рЧЛЕМЭ - ннн ""люрэ х дхръ рчлемэ""";36588;"ннн ""люрэ х дхръ рчлемэ""";"ннн ""люрэ х дхръ рчлемэ"""
49440;"лЮРЭ Х ДХРЪ рЧЛЕМЭ - ннн ""люрэ х дхръ рчлемэ""";38243;"ннн ""люрэ х дхръ рчлемэ""";"ннн ""люрэ х дхръ рчлемэ"""
50530;"лЕКЕСГНБЯЙХИ ЛНКНВМНЙНМЯЕПБМШИ ЙНЛАХМЮР - ннн ""лекесгнбяйхи лйй""";54125;"дЛХРПХИ нЦСПМНИ";
50530;"лЕКЕСГНБЯЙХИ ЛНКНВМНЙНМЯЕПБМШИ ЙНЛАХМЮР - ннн ""лекесгнбяйхи лйй""";37489;"ннн ""лекесгнбяйхи лйй""";"ннн ""лекесгнбяйхи лйй"""
47651;"лерюккнопндсйжхъ - ннн ""лерюккнопндсйжхъ""";35158;"ннн ""лерюккнопндсйжхъ""";"ннн ""лерюккнопндсйжхъ"""
47651;"лерюккнопндсйжхъ - ннн ""лерюккнопндсйжхъ""";38056;"ннн ""лерюккнопндсйжхъ""";"ннн ""лерюккнопндсйжхъ"""
43785;"лХПЛЮ - ннн ""лхплю""";32846;"ннн ""лхплю""";"ннн ""лхплю"""
43785;"лХПЛЮ - ннн ""лхплю""";38257;"ннн ""лхплю""";"ннн ""лхплю"""
40851;"лняр-06 ннн - ннн ""лняр-06""";31719;"ннн ""лняр-06""";"ннн ""лняр-06"""
40851;"лняр-06 ннн - ннн ""лняр-06""";38995;"ннн ""лняр-06""";"ннн ""лняр-06"""
13054;"лнсьм опндюйря ннн - ннн ""лнсьм опндюйря""";13054;"ннн ""лнсьм опндюйря""";"ннн ""лнсьм опндюйря"""
13054;"лнсьм опндюйря ннн - ннн ""лнсьм опндюйря""";33994;"ннн ""лнсьм опндюйря""";"ннн ""лнсьм опндюйря"""
49903;"мюлю - ннн ""мюлю""";36978;"ннн ""мюлю""";"ннн ""мюлю"""
49903;"мюлю - ннн ""мюлю""";36983;"ннн ""мюлю""";"ннн ""мюлю"""
17592;"мюн ""йпюямюъ онкъмю""";31842;"мюн ""йпюямюъ онкъмю""";"мюн ""йпюямюъ онкъмю"""
17592;"мюн ""йпюямюъ онкъмю""";37927;"мюн ""йпюямюъ онкъмю""";"мюн ""йпюямюъ онкъмю"""
26464;"мЮЬЮ ЛЕАЕКЭ";30267;нПЦЮМХГЮЖХЪ;"ннн ой ""мюью леаекэ"""
26464;"мЮЬЮ ЛЕАЕКЭ";38757;"ннн ой ""мюью леаекэ""";"ннн ой ""мюью леаекэ"""
46624;"мЕБЯЙХЕ БЕЯШ - юн ""бея-яепбхя""";52657;"яЕПЦЕИ йНМЯРЮМРХМНБ";
46624;"мЕБЯЙХЕ БЕЯШ - юн ""бея-яепбхя""";34269;"юн ""бея-яепбхя""";"юн ""бея-яепбхя"""
51363;"меипнмей - ннн яж ""реумнкнцхх""";38269;"ннн яж ""реумнкнцхх""";"ннн яж ""реумнкнцхх"""
51363;"меипнмей - ннн яж ""реумнкнцхх""";38475;"ннн яж ""реумнкнцхх""";"ннн яж ""реумнкнцхх"""
50201;"моо йБЮКХРЕР - ннн ""моо йбюкхрер""";37228;"ннн ""моо йбюкхрер""";"ннн ""моо йбюкхрер"""
50201;"моо йБЮКХРЕР - ннн ""моо йбюкхрер""";37847;"ннн ""моо йбюкхрер""";"ннн ""моо йбюкхрер"""
49715;"мпюбю - ннн ""мпюбю""";36803;"ннн ""мпюбю""";"ннн ""мпюбю"""
49715;"мпюбю - ннн ""мпюбю""";39490;"ннн ""мпюбю""";"ннн ""мпюбю"""
49636;"нюн ""пфд"" - нюн ""пфд""";36730;"нюн ""пфд""";"нюн ""пфд"""
49636;"нюн ""пфд"" - нюн ""пфд""";36852;"нюн ""пфд""";"нюн ""пфд"""
9904;"ннн ""ю-яепбхя"" - ннн ""ю-яепбхя""";33000;"ннн ""ю-яепбхя""";"ннн ""ю-яепбхя"""
9904;"ннн ""ю-яепбхя"" - ннн ""ю-яепбхя""";33567;"ннн ""ю-яепбхя""";"ннн ""ю-яепбхя"""
9904;"ннн ""ю-яепбхя"" - ннн ""ю-яепбхя""";38381;"ннн ""тхплю ""юпрх""";"ннн ""тхплю ""юпрх"""
4878;"ннн ""юбхкейя""";19270;"ннн ""юбхкейя""";"ннн ""юбхкейя"""
4878;"ннн ""юбхкейя""";38141;"ннн ""юбхкейя""";"ннн ""юбхкейя"""
61252;"ннн ""юбрнкецхнм""";42751;хо;
61252;"ннн ""юбрнкецхнм""";51265;"ннн ""юбрнкецхнм""";"ннн ""юбрнкецхнм"""
31634;"ннн ""юБРНЛЮРХЙЮ"" - ннн ""юбрнлюрхйю""";31305;"ннн ""юбрнлюрхйю""";"ннн ""юбрнлюрхйю"""
31634;"ннн ""юБРНЛЮРХЙЮ"" - ннн ""юбрнлюрхйю""";31634;"ннн ""юбрнлюрхйю""";"ннн ""юбрнлюрхйю"""
45210;"ннн ""юбрнпхрщик л"" - ннн ""юбрнпхрщик л""";32822;"ннн ""юбрнпхрщик л""";"ннн ""юбрнпхрщик л"""
45210;"ннн ""юбрнпхрщик л"" - ннн ""юбрнпхрщик л""";38978;"ннн ""юбрнпхрщик л""";"ннн ""юбрнпхрщик л"""
45523;"ннн ""юирхсяксцх""";33163;"ннн ""юирхсяксцх""";"ннн ""юирхсяксцх"""
45523;"ннн ""юирхсяксцх""";33164;"ннн ""юирхсяксцх""";"ннн ""юирхсяксцх"""
52732;"ннн ""юйяхдн""";39522;"ннн ""юйяхдн""";"ннн ""юйяхдн"""
52732;"ннн ""юйяхдн""";39523;"ннн ""юйяхдн""";"ннн ""юйяхдн"""
51291;"ннн ""юклюг-яепбхя""";38212;"ннн ""юклюг-яепбхя""";"ннн ""юклюг-яепбхя"""
51291;"ннн ""юклюг-яепбхя""";38218;"ннн ""юклюг-яепбхя""";"ннн ""юклюг-яепбхя"""
58848;"ннн ""юкрюияйхи рпхйнрюф"" - ннн ""кюйюяю-рщйя""";53946;"хЦНПЭ 6721";
58848;"ннн ""юкрюияйхи рпхйнрюф"" - ннн ""кюйюяю-рщйя""";46753;"ннн ""кюйюяю-рщйя""";"ннн ""кюйюяю-рщйя"""
18940;"ннн ""юкэярет"" - ннн ""яретюк""";32997;"ннн ""яретюк""";"ннн ""яретюк"""
18940;"ннн ""юкэярет"" - ннн ""яретюк""";39256;"ннн ""юкэярет""";"ннн ""юкэярет"""
45503;"ннн ""юкэъмя"" - ннн ""юкэъмя""";33141;"ннн ""юкэъмя""";"ннн ""юкэъмя"""
45503;"ннн ""юкэъмя"" - ннн ""юкэъмя""";39772;"ннн ""юкэъмя""";"ннн ""юкэъмя"""
19692;"ннн ""юмреи""";34123;"ннн ""юмреи""";"ннн ""юмреи"""
19692;"ннн ""юмреи""";39880;"ннн ""юмреи""";"ннн ""юмреи"""
44930;"ннн ""юМРСПЮФ крд""";32521;"ннн ""юмрспюф крд""";"ннн ""юмрспюф крд"""
44930;"ннн ""юМРСПЮФ крд""";38359;"ннн ""юмрспюф крд""";"ннн ""юмрспюф крд"""
60908;"ннн ""юооерхрйхмн""";27920;хо;
60908;"ннн ""юооерхрйхмн""";50839;"ннн ""юооерхрйхмн""";"ннн ""юооерхрйхмн"""
48531;"ннн ""юяхюмю аэчрх""";35748;нПЦЮМХГЮЖХЪ;"ннн ""юяхюмю аэчрх"""
48531;"ннн ""юяхюмю аэчрх""";35750;"ннн ""юяхюмю аэчрх""";"ннн ""юяхюмю аэчрх"""
45485;"ннн ""ющп рпеид""";33117;"ннн ""ющп рпеид""";"ннн ""ющп рпеид"""
45485;"ннн ""ющп рпеид""";33160;"ннн ""юирх-тнпрю""";"ннн ""юирх-тнпрю"""
50286;"ннн ""аюкрярнсм""";32759;"ннн ""аюкрярнсм""";"ннн ""аюкрярнсм"""
50286;"ннн ""аюкрярнсм""";37289;"ннн ""т-окчя кнцхярхйю""";"ннн ""т-окчя кнцхярхйю"""
38944;"ннн ""аХНРЕУХЛОЩЙЯ"" ";53486;"дЛХРПХИ 5489";
38944;"ннн ""аХНРЕУХЛОЩЙЯ"" ";34591;"ннн ""ахнреухлощйя""";"ннн ""ахнреухлощйя"""
47539;"ннн ""ахщл цпсоо тюапхйю хммнбюжхи"" - ннн ""ахщл цпсоо тюапхйю хммнбюжхи""";31981;"ннн ""ахщл цпсоо тюапхйю хммнбюжхи""";"ннн ""ахщл цпсоо тюапхйю хммнбюжхи"""
47539;"ннн ""ахщл цпсоо тюапхйю хммнбюжхи"" - ннн ""ахщл цпсоо тюапхйю хммнбюжхи""";35081;"ннн ""ахщл цпсоо хмрецпюрнп""";"ннн ""ахщл цпсоо хмрецпюрнп"""
49077;"ннн ""аНПЯЙХИ ГЮБНД РНПЦНБНЦН НАНПСДНБЮМХЪ"" но моун - ннн ""агрн""";36319;"ннн ""агрн""";"ннн ""агрн"""
49077;"ннн ""аНПЯЙХИ ГЮБНД РНПЦНБНЦН НАНПСДНБЮМХЪ"" но моун - ннн ""агрн""";38503;"ннн ""агрн""";"ннн ""агрн"""
45488;"ннн ""асмйеп""";33124;"ннн ""асмйеп""";"ннн ""асмйеп"""
45488;"ннн ""асмйеп""";33125;"ннн ""асмйеп""";"ннн ""асмйеп"""
51513;"ннн ""бецю-юаянкчр""";38398;"ннн ""бецю-юаянкчр""";"ннн ""бецю-юаянкчр"""
51513;"ннн ""бецю-юаянкчр""";39798;"ннн ""бецю-юаянкчр""";"ннн ""бецю-юаянкчр"""
35664;"ннн ""бекняонпр""";38191;"ннн ""бекняонпр""";"ннн ""бекняонпр"""
35664;"ннн ""бекняонпр""";38192;нПЦЮМХГЮЖХЪ;"ннн ""бекняонпр"""
51776;"ннн ""бепрхйюкэ""";38655;"ннн ""бепрхйюкэ""";"ннн ""бепрхйюкэ"""
51776;"ннн ""бепрхйюкэ""";38656;"ннн ""бепрхйюкэ""";"ннн ""бепрхйюкэ"""
19880;"ннн ""беярю - айя"" - ннн ""беярю - айя""";53849;"оНЯЮЬЙНБ юКЕЙЯЕИ яЕПЦЕЕБХВ";
19880;"ннн ""беярю - айя"" - ннн ""беярю - айя""";39878;"ннн ""беярю - айя""";"ннн ""беярю - айя"""
52486;"ннн ""бгко""";39274;"ннн ""бгко""";"ннн ""бгко"""
52486;"ннн ""бгко""";39610;"ннн ""бгко""";"ннн ""бгко"""
52366;"ннн ""цхйанпдя хлонпр""";39174;"ннн ""цхйанпдя хлонпр""";"ннн ""цхйанпдя хлонпр"""
52366;"ннн ""цхйанпдя хлонпр""";39175;"ннн ""цхйанпдя хлонпр""";"ннн ""цхйанпдя хлонпр"""
26976;"ннн ""цНКДЕМ тХЬ"" - ннн ""рря гюйюкйю""";30384;"ннн ""рря гюйюкйю""";"ннн ""рря гюйюкйю"""
26976;"ннн ""цНКДЕМ тХЬ"" - ннн ""рря гюйюкйю""";33266;"ннн ""ряя""";"ннн ""ряя"""
53872;"ннн ""дюрю - юйжемр""";53285;"бХЙРНП чДХМ";
53872;"ннн ""дюрю - юйжемр""";40830;"ннн ""дюрю - юйжемр""";"ннн ""дюрю - юйжемр"""
47396;"ннн ""дерюкэ""";34972;"ннн ""дерюкэ""";"ннн ""дерюкэ"""
47396;"ннн ""дерюкэ""";39289;"ннн ""дерюкэ""";"ннн ""дерюкэ"""
51871;"ннн ""деряйне охрюмхе""";38742;"ннн ""деряйне охрюмхе""";"ннн ""деряйне охрюмхе"""
51871;"ннн ""деряйне охрюмхе""";39168;"ннн ""деряйне охрюмхе""";"ннн ""деряйне охрюмхе"""
27702;"ннн ""дйл-реумнкнцхх""";34859;"ннн ""дйл-реумнкнцхх""";"ннн ""дйл-реумнкнцхх"""
27702;"ннн ""дйл-реумнкнцхх""";39631;"ннн ""дйл-реумнкнцхх""";"ннн ""дйл-реумнкнцхх"""
3346;"ннн ""днпуюм цж - лнфюияй""";29402;"ннн ""днпуюм цж - лнфюияй""";"ннн ""днпуюм цж - лнфюияй"""
3346;"ннн ""днпуюм цж - лнфюияй""";37334;"ннн ""днпуюм цж - лнфюияй""";"ннн ""днпуюм цж - лнфюияй"""
7384;"ннн ""дпсфаю""";31995;"ннн ""дпсфаю""";"ннн ""дпсфаю"""
7384;"ннн ""дпсфаю""";39659;"ннн ""дпсфаю""";"ннн ""дпсфаю"""
15248;"ннн ""ебпнопнл""";15248;"ннн ""ебпнопнл""";"ннн ""ебпнопнл"""
15248;"ннн ""ебпнопнл""";30905;"ннн ""ебпнопнл""";"ннн ""ебпнопнл"""
48182;"ннн ""феярэ"" - ннн ""феярэ""";35513;"ннн ""феярэ""";"ннн ""феярэ"""
48182;"ннн ""феярэ"" - ннн ""феярэ""";37893;"ннн ""феярэ""";"ннн ""феярэ"""
43458;"ннн ""гюо""";30279;"ннн ""гюо""";"ннн ""гюо"""
43458;"ннн ""гюо""";36651;"ннн ""ой црн""";"ннн ""ой црн"""
43458;"ннн ""гюо""";37979;"ннн ""ой црн""";"ннн ""ой црн"""
46745;"ннн ""гбегдю""";34366;"ннн ""гбегдю""";"ннн ""гбегдю"""
46745;"ннн ""гбегдю""";34367;"ннн ""гбегдю""";"ннн ""гбегдю"""
58026;"ннн ""глйт ""ярюкэйнлокейр""";51971;"кЮОЕЕБ хЦНПЭ мХЙНКЮЕБХВ";
58026;"ннн ""глйт ""ярюкэйнлокейр""";45766;"ннн ""глйт ""ярюкэйнлокейр""";"ннн ""глйт ""ярюкэйнлокейр"""
50156;"ннн ""хмюпйрхйю яг""";37190;"ннн ""хмюпйрхйю яг""";"ннн ""хмюпйрхйю яг"""
50156;"ннн ""хмюпйрхйю яг""";37201;"ннн ""хмюпйрхйю яг""";"ннн ""хмюпйрхйю яг"""
51164;"ннн ""хмй"" - ннн ""хмй""";51848;юКЕЙЯЮМДП;
51164;"ннн ""хмй"" - ннн ""хмй""";38094;"ннн ""хмй""";"ннн ""хмй"""
50773;"ннн ""хрж""";37705;"ннн ""хрж""";"ннн ""хрж"""
50773;"ннн ""хрж""";39069;"ннн ""хрж""";"ннн ""хрж"""
46694;"ннн ""йю-рей""";53458;"оЮБЕК +7 (962) 963-79-43";
46694;"ннн ""йю-рей""";34331;"ннн ""йю-рей""";"ннн ""йю-рей"""
26166;"ннн ""йЮГЮМЭЩЙЯОПЕЯЯ тСКТХКЛЕМР"" ";32715;"ннн ""йюгюмэщйяопеяя тсктхклемр""";"ннн ""йюгюмэщйяопеяя тсктхклемр"""
26166;"ннн ""йЮГЮМЭЩЙЯОПЕЯЯ тСКТХКЛЕМР"" ";38637;"ннн ""йюгюмэщйяопеяя тсктхклемр""";"ннн ""йюгюмэщйяопеяя тсктхклемр"""
46077;"ннн ""йюяонпр""";33741;"ннн ""йюяонпр""";"ннн ""йюяонпр"""
46077;"ннн ""йюяонпр""";38852;"ннн ""йюяонпр""";"ннн ""йюяонпр"""
9408;"ннн ""йа ""юБРНЛЮРХЙЮ"" - ннн ""йа ""юбрнлюрхйю""";30073;"ннн ""йа ""юбрнлюрхйю""";"ннн ""йа ""юбрнлюрхйю"""
9408;"ннн ""йа ""юБРНЛЮРХЙЮ"" - ннн ""йа ""юбрнлюрхйю""";37926;"ннн ""йа ""юбрнлюрхйю""";"ннн ""йа ""юбрнлюрхйю"""
48282;"ннн ""йкюяяхйю"" - ннн ""йкюяяхйю""";35574;"ннн ""йкюяяхйю""";"ннн ""йкюяяхйю"""
48282;"ннн ""йкюяяхйю"" - ннн ""йкюяяхйю""";38634;"ннн ""йкюяяхйю""";"ннн ""йкюяяхйю"""
30554;"ннн ""йлй"" - ннн ""йлй""";30554;"ннн ""йлй""";"ннн ""йлй"""
30554;"ннн ""йлй"" - ннн ""йлй""";31182;"ннн ""йлй""";"ннн ""йлй"""
50960;"ннн ""йнкхапх""";37895;"ннн ""йнкхапх""";"ннн ""йнкхапх"""
50960;"ннн ""йнкхапх""";39733;"ннн ""йнкхапх""";"ннн ""йнкхапх"""
27278;"ннн ""йнлоэчрепмши лхп"" - ннн ""йнлоэчрепмши лхп""";32055;"ннн ""йнлоэчрепмши лхп""";"ннн ""йнлоэчрепмши лхп"""
27278;"ннн ""йнлоэчрепмши лхп"" - ннн ""йнлоэчрепмши лхп""";37840;"ннн ""йнлоэчрепмши лхп""";"ннн ""йнлоэчрепмши лхп"""
44298;"ннн ""йнямю""";31781;"ннн ""йнямю""";"ннн ""йнямю"""
44298;"ннн ""йнямю""";38506;"ннн ""йнямю""";"ннн ""йнямю"""
53518;"ннн ""йяй"" - ннн ""йяй""";51647;йЯЕМХЪ;
53518;"ннн ""йяй"" - ннн ""йяй""";40407;"ннн ""йяй""";"ннн ""йяй"""
43860;"ннн ""йт""";30517;"ннн ""йт""";"ннн ""йт"""
43860;"ннн ""йт""";37583;"ннн ""йт""";"ннн ""йт"""
53358;"ннн ""кюяйнбши аепец +"" - ннн ""кюяйнбши аепец +""";52621;"юПРЕЛ 6043";
53358;"ннн ""кюяйнбши аепец +"" - ннн ""кюяйнбши аепец +""";40226;"ннн ""кюяйнбши аепец +""";"ннн ""кюяйнбши аепец +"""
51367;"ннн ""кейя""";38274;"ннн ""кейя""";"ннн ""кейя"""
51367;"ннн ""кейя""";38367;"ннн ""кейя""";"ннн ""кейя"""
60366;"ннн ""кнцхярхйю"" - ннн ""кнцхярхйю""";52345;"лЮПЦЮПХРЮ фЮКХКНБЮ";
60366;"ннн ""кнцхярхйю"" - ннн ""кнцхярхйю""";49974;"ннн ""кнцхярхйю""";"ннн ""кнцхярхйю"""
43332;"ннн ""крй"" ";30151;нПЦЮМХГЮЖХЪ;"ннн ""крй"""
43332;"ннн ""крй"" ";33039;"ннн ""крй""";"ннн ""крй"""
4318;"ннн ""кЧЙЯХЯ"" ";33876;"ннн ""кчйяхя""";"ннн ""кчйяхя"""
4318;"ннн ""кЧЙЯХЯ"" ";37909;"ннн ""кчйяхя""";"ннн ""кчйяхя"""
14312;"ннн ""лЕЦЮОНКХЯ"" ";32541;"ннн ""лецюонкхя""";"ннн ""лецюонкхя"""
14312;"ннн ""лЕЦЮОНКХЯ"" ";39401;"ннн ""лецюонкхя""";"ннн ""лецюонкхя"""
44872;"ннн ""лерхгш""";32450;"ннн ""лерхгш""";"ннн ""лерхгш"""
44872;"ннн ""лерхгш""";35950;"ннн ""лерхгш""";"ннн ""лерхгш"""
50888;"ннн ""лХП щКЕЙРПНМХЙХ""";37812;"ннн ""лхп щкейрпнмхйх""";"ннн ""лхп щкейрпнмхйх"""
50888;"ннн ""лХП щКЕЙРПНМХЙХ""";37818;"ннн ""лхп щкейрпнмхйх""";"ннн ""лхп щкейрпнмхйх"""
51132;"ннн ""мц-гЮОВЮЯРЭ"" - ннн ""мц-гюовюярэ""";38064;"ннн ""мц-гюовюярэ""";"ннн ""мц-гюовюярэ"""
51132;"ннн ""мц-гЮОВЮЯРЭ"" - ннн ""мц-гюовюярэ""";38066;"ннн ""мц-гюовюярэ""";"ннн ""мц-гюовюярэ"""
41774;"ннн ""мебюкюим"" - ннн ""мебюкюим""";53751;пЮЛХКЭ;
41774;"ннн ""мебюкюим"" - ннн ""мебюкюим""";32968;"ннн ""мебюкюим""";"ннн ""мебюкюим"""
42673;"ннн ""мЕНХМРЕЙ""";35340;"ннн ""менхмрей""";"ннн ""менхмрей"""
42673;"ннн ""мЕНХМРЕЙ""";38018;"ннн ""менхмрей""";"ннн ""менхмрей"""
50496;"ннн ""мнпдхйнл""";37458;"ннн ""мнпдхйнл""";"ннн ""мнпдхйнл"""
50496;"ннн ""мнпдхйнл""";37622;"ннн ""мнпдхйнл""";"ннн ""мнпдхйнл"""
45559;"ннн ""мнтеп пся""";33205;"ннн ""опнцпеяя""";"ннн ""опнцпеяя"""
45559;"ннн ""мнтеп пся""";33497;"ннн ""мнтеп пся""";"ннн ""мнтеп пся"""
51239;"ннн ""норяепбхя йн"" - ннн ""норяепбхя йн""";38161;"ннн ""норяепбхя йн""";"ннн ""норяепбхя йн"""
51239;"ннн ""норяепбхя йн"" - ннн ""норяепбхя йн""";38162;нПЦЮМХГЮЖХЪ;"ннн ""норяепбхя йн"""
52294;"ннн ""нпцреумхйя""";39101;"ннн ""нпцреумхйя""";"ннн ""нпцреумхйя"""
52294;"ннн ""нпцреумхйя""";39117;"ннн ""нпцреумхйя""";"ннн ""нпцреумхйя"""
47184;"ннн ""нпенкяепбхя""";34784;"ннн ""нпенкяепбхя""";"ннн ""нпенкяепбхя"""
47184;"ннн ""нпенкяепбхя""";35148;"ннн ""нпенкяепбхя""";"ннн ""нпенкяепбхя"""
21732;"ннн ""нрй - уюаюпнбяй""";51623;"дЕМХЯ хБКЕБ";
21732;"ннн ""нрй - уюаюпнбяй""";47680;"ннн ""нрй - уюаюпнбяй""";"ннн ""нрй - уюаюпнбяй"""
45627;"ннн ""оЮПРЯ оКЮМЕР рПЕИДХМЦ"" - ннн ""оюпря окюмер рпеидхмц""";33278;"ннн ""оюпря окюмер рпеидхмц""";"ннн ""оюпря окюмер рпеидхмц"""
45627;"ннн ""оЮПРЯ оКЮМЕР рПЕИДХМЦ"" - ннн ""оюпря окюмер рпеидхмц""";37788;"ннн ""оюпря окюмер рпеидхмц""";"ннн ""оюпря окюмер рпеидхмц"""
48168;"ннн ""оюр-рЕУМНКНДФХ"" - ннн ""оюр-реумнкндфх""";35504;"ннн ""оюр-реумнкндфх""";"ннн ""оюр-реумнкндфх"""
48168;"ннн ""оюр-рЕУМНКНДФХ"" - ннн ""оюр-реумнкндфх""";37971;нПЦЮМХГЮЖХЪ;"ннн ""тнцярпхл"""
48168;"ннн ""оюр-рЕУМНКНДФХ"" - ннн ""оюр-реумнкндфх""";37974;"ннн ""оюр-реумнкндфх""";"ннн ""оюр-реумнкндфх"""
48632;"ннн ""оецюя-юцпн"" - ннн ""оецюя-юцпн""";53160;оЮБЕК;
48632;"ннн ""оецюя-юцпн"" - ннн ""оецюя-юцпн""";35815;"ннн ""оецюя-юцпн""";"ннн ""оецюя-юцпн"""
27260;"ннн ""ойн""цкнаюк-я"" - ннн ""ойн""цкнаюк-я""";38442;"ннн ""ойн""цкнаюк-я""";"ннн ""ойн""цкнаюк-я"""
27260;"ннн ""ойн""цкнаюк-я"" - ннн ""ойн""цкнаюк-я""";38443;нПЦЮМХГЮЖХЪ;"ннн ""ойн""цкнаюк-я"""
49400;"ннн ""олх"" - ннн ""олх""";36554;"ннн ""олх""";"ннн ""олх"""
49400;"ннн ""олх"" - ннн ""олх""";36932;"ннн ""олх""";"ннн ""олх"""
40279;"ннн ""опюил рно хмдюярпх""";33640;"ннн ""опюил рно хмдюярпх""";"ннн ""опюил рно хмдюярпх"""
40279;"ннн ""опюил рно хмдюярпх""";38015;"ннн ""опюил рно хмдюярпх""";"ннн ""опюил рно хмдюярпх"""
52232;"ннн ""опхмр-яепбхя""";39027;"ннн ""опхмр-яепбхя""";"ннн ""опхмр-яепбхя"""
52232;"ннн ""опхмр-яепбхя""";39093;"ннн ""опхмр-яепбхя""";"ннн ""опхмр-яепбхя"""
41485;"ннн ""оПНЛРЕЙЯРХКЭ"" - ннн ""опнлрейярхкэ""";37094;"ннн ""опнлрейярхкэ""";"ннн ""опнлрейярхкэ"""
41485;"ннн ""оПНЛРЕЙЯРХКЭ"" - ннн ""опнлрейярхкэ""";39882;"ннн ""опнлрейярхкэ""";"ннн ""опнлрейярхкэ"""
51575;"ннн ""опнлреуйнлокейр""";38445;"ннн ""опнлреуйнлокейр""";"ннн ""опнлреуйнлокейр"""
51575;"ннн ""опнлреуйнлокейр""";38447;"ннн ""опнлреуйнлокейр""";"ннн ""опнлреуйнлокейр"""
44466;"ннн ""оПНТЕЯЯХНМЮК"" ";31967;"ннн ""опнтеяяхнмюк""";"ннн ""опнтеяяхнмюк"""
44466;"ннн ""оПНТЕЯЯХНМЮК"" ";39737;"ннн ""опнтеяяхнмюк""";"ннн ""опнтеяяхнмюк"""
54838;"ннн ""пюдхнреу""";52301;"хКЭЪ 1481";
54838;"ннн ""пюдхнреу""";41951;"ннн ""пюдхнреу""";"ннн ""пюдхнреу"""
51489;"ннн ""пеюухлкюа""";38378;"ннн ""пеюухлкюа""";"ннн ""пеюухлкюа"""
51489;"ннн ""пеюухлкюа""";38396;"ннн ""пеюухлкюа""";"ннн ""пеюухлкюа"""
14126;"ннн ""пелн""";32916;"ннн ""пелн""";"ннн ""пелн"""
14126;"ннн ""пелн""";38402;"ннн ""пелн""";"ннн ""пелн"""
12222;"ннн ""пемярпнидерюкэ""";34301;"ннн ""пемярпнидерюкэ""";"ннн ""пемярпнидерюкэ"""
12222;"ннн ""пемярпнидерюкэ""";39294;"ннн ""пемярпнидерюкэ""";"ннн ""пемярпнидерюкэ"""
44716;"ннн ""пеоюакхйю мнбнцнпяй""";32276;"ннн ""пеоюакхйю мнбнцнпяй""";"ннн ""пеоюакхйю мнбнцнпяй"""
44716;"ннн ""пеоюакхйю мнбнцнпяй""";37019;"ннн ""пеоюакхйю мнбнцнпяй""";"ннн ""пеоюакхйю мнбнцнпяй"""
53088;"ннн ""пеяряепбхя"" - ннн ""пеяряепбхя""";53161;"бКЮДХЛХП яЮБЕМЙН";
53088;"ннн ""пеяряепбхя"" - ннн ""пеяряепбхя""";39920;"ннн ""пеяряепбхя""";"ннн ""пеяряепбхя"""
46360;"ннн ""пеьемхе""";34007;"ннн ""пеьемхе""";"ннн ""пеьемхе"""
46360;"ннн ""пеьемхе""";39075;"ннн ""пеьемхе""";"ннн ""пеьемхе"""
45814;"ннн ""пх-цпсоо""";33461;"ннн ""пх-цпсоо""";"ннн ""пх-цпсоо"""
45814;"ннн ""пх-цпсоо""";36529;"ннн ""пх-цпсоо""";"ннн ""пх-цпсоо"""
53888;"ннн ""пся-яхг опн""";53250;"йНАШКЪМЕЖ пНЛЮМ";
53888;"ннн ""пся-яхг опн""";40849;"ннн ""пся-яхг опн""";"ннн ""пся-яхг опн"""
10500;"ннн ""яюкйн"" - ннн ""яюкйн""";10500;"ннн ""яюкйн""";"ннн ""яюкйн"""
10500;"ннн ""яюкйн"" - ннн ""яюкйн""";33946;"ннн ""яюкйн""";"ннн ""яюкйн"""
51425;"ннн ""яютхъ унсл""";38330;"ннн ""яютхъ унсл""";"ннн ""яютхъ унсл"""
51425;"ннн ""яютхъ унсл""";38332;"ннн ""яютхъ унсл""";"ннн ""яютхъ унсл"""
42676;"ннн ""ябог""";49571;нПЦЮМХГЮЖХЪ;"ннн ""ябог"""
42676;"ннн ""ябог""";13324;"бЮКЕПХИ оНКХЫСЙ";
51364;"ннн ""яЕЦЕФЯЙЮЪ СОЮЙНБЙЮ"" - ннн ""яецефяйюъ союйнбйю""";38270;"ннн ""яецефяйюъ союйнбйю""";"ннн ""яецефяйюъ союйнбйю"""
51364;"ннн ""яЕЦЕФЯЙЮЪ СОЮЙНБЙЮ"" - ннн ""яецефяйюъ союйнбйю""";38271;нПЦЮМХГЮЖХЪ;"ннн ""яецефяйюъ союйнбйю"""
6986;"ннн ""яемяхя"" - ннн ""яемяхя""";37837;"ннн ""яемяхя""";"ннн ""яемяхя"""
6986;"ннн ""яемяхя"" - ннн ""яемяхя""";39023;"ннн ""яемяхя""";"ннн ""яемяхя"""
51141;"ннн ""яепбхя окчя""";38072;"ннн ""яепбхя окчя""";"ннн ""яепбхя окчя"""
51141;"ннн ""яепбхя окчя""";38079;"ннн ""яепбхя окчя""";"ннн ""яепбхя окчя"""
52519;"ннн ""яй ""пХЮК""";39308;"ннн ""яй ""пхюк""";"ннн ""яй ""пхюк"""
52519;"ннн ""яй ""пХЮК""";39309;"ннн ""яй ""пхюк""";"ннн ""яй ""пхюк"""
51242;"ннн ""яЙКЮД цХДД"" ";38186;"ннн ""яй цюпюмр""";"ннн ""яйкюд цхдд"""
51242;"ннн ""яЙКЮД цХДД"" ";38187;"ннн ""яй цюпюмр""";"ннн ""яй цюпюмр"""
51242;"ннн ""яЙКЮД цХДД"" ";38227;"ннн ""яй цюпюмр""";"ннн ""яй цюпюмр"""
24678;"ннн ""янбпелеммюъ союйнбйю""";35433;"ннн ""янбпелеммюъ союйнбйю""";"ннн ""янбпелеммюъ союйнбйю"""
24678;"ннн ""янбпелеммюъ союйнбйю""";38322;"ннн ""янбпелеммюъ союйнбйю""";"ннн ""янбпелеммюъ союйнбйю"""
22792;"ннн ""яНТРЕУ""";53930;"еКЕМЮ 5472";
22792;"ннн ""яНТРЕУ""";37038;"ннн ""янтреу""";"ннн ""янтреу"""
10170;"ннн ""яоежпелярпни""";34493;"ннн ""яоежпелярпни""";"ннн ""яоежпелярпни"""
10170;"ннн ""яоежпелярпни""";37459;"ннн ""яоежпелярпни""";"ннн ""яоежпелярпни"""
52540;"ннн ""ярхня""";39328;"ннн ""ярхня""";"ннн ""ярхня"""
52540;"ннн ""ярхня""";39330;"ннн ""ярхня""";"ннн ""ярхня"""
52566;"ннн ""ярй-рЮЦЮМПНЦ""";52569;хКЭЪ;
52566;"ннн ""ярй-рЮЦЮМПНЦ""";39352;"ннн ""ярй-рюцюмпнц""";"ннн ""ярй-рюцюмпнц"""
25544;"ннн ""реукюмд"" - ннн ""реукюмд""";31745;"ннн ""реукюмд""";"ннн ""реукюмд"""
25544;"ннн ""реукюмд"" - ннн ""реукюмд""";33315;"ннн ""аюир""";"ннн ""аюир"""
19862;"ннн ""реумнлюпхм"" - ннн ""реумнлюпхм""";31880;"ннн ""реумнлюпхм""";"ннн ""реумнлюпхм"""
19862;"ннн ""реумнлюпхм"" - ннн ""реумнлюпхм""";38567;"ннн ""реумнлюпхм""";"ннн ""реумнлюпхм"""
51772;"ннн ""рпеид щкейрпнмхйя""";38649;"ннн ""рпеид щкейрпнмхйя""";"ннн ""рпеид щкейрпнмхйя"""
51772;"ннн ""рпеид щкейрпнмхйя""";38650;"ннн ""рпеид щкейрпнмхйя""";"ннн ""рпеид щкейрпнмхйя"""
51373;"ннн ""спюкйнлокейр""";38283;"ннн ""спюкйнлокейр""";"ннн ""спюкйнлокейр"""
51373;"ннн ""спюкйнлокейр""";38439;"ннн ""спюкйнлокейр""";"ннн ""спюкйнлокейр"""
45151;"ннн ""тнпсл-юбрн"" - ннн ""т.ю. кнцхярхй""";30051;нПЦЮМХГЮЖХЪ;"ннн ""т.ю. кнцхярхй"""
45151;"ннн ""тнпсл-юбрн"" - ннн ""т.ю. кнцхярхй""";32762;"ннн ""тнпсл-юбрн""";"ннн ""тнпсл-юбрн"""
45151;"ннн ""тнпсл-юбрн"" - ннн ""т.ю. кнцхярхй""";37972;"ннн ""т.ю. кнцхярхй""";"ннн ""т.ю. кнцхярхй"""
45715;"ннн ""трц""";33376;"ннн ""трц""";"ннн ""трц"""
45715;"ннн ""трц""";37937;"ннн ""трц""";"ннн ""трц"""
51161;"ннн ""уЮПМЕЯЯ""";38097;"ннн ""уюпмеяя""";"ннн ""уюпмеяя"""
51161;"ннн ""уЮПМЕЯЯ""";38098;нПЦЮМХГЮЖХЪ;"ннн ""уюпмеяя"""
52399;"ннн ""ухпюмю+""";39201;"ннн ""ухпюмю+""";"ннн ""ухпюмю+"""
52399;"ннн ""ухпюмю+""";39204;"ннн ""ухпюмю+""";"ннн ""ухпюмю+"""
51616;"ннн ""жемрп 6-юъ янберяйюъ""";38484;"ннн ""жемрп 6-юъ янберяйюъ""";"ннн ""жемрп 6-юъ янберяйюъ"""
51616;"ннн ""жемрп 6-юъ янберяйюъ""";38485;"ннн ""жемрп 6-юъ янберяйюъ""";"ннн ""жемрп 6-юъ янберяйюъ"""
8778;"ннн ""жХТПНБШЕ рЕУМНКНЦХХ""";33398;"ннн ""жхтпнбше реумнкнцхх""";"ннн ""жхтпнбше реумнкнцхх"""
8778;"ннн ""жХТПНБШЕ рЕУМНКНЦХХ""";33667;"ннн ""жхтпнбше реумнкнцхх""";"ннн ""жхтпнбше реумнкнцхх"""
50210;"ннн ""щЙНДНЙ"" - ннн ""щйнднй""";37234;"ннн ""щйнднй""";"ннн ""щйнднй"""
50210;"ннн ""щЙНДНЙ"" - ннн ""щйнднй""";38648;"ннн ""щйнднй""";"ннн ""щйнднй"""
37476;"ннн ""щЙЯЕККЕМР"" - ннн ""рпеид-хмбеяр""";32014;"ннн ""рпеид-хмбеяр""";"ннн ""рпеид-хмбеяр"""
37476;"ннн ""щЙЯЕККЕМР"" - ннн ""рпеид-хмбеяр""";32540;"ннн ""щйяеккемр""";"ннн ""щйяеккемр"""
41748;"ннн ""щЙЯОНПРЕП"" - ннн ""щйяонпреп""";29964;"ннн ""щйяонпреп""";"ннн ""щйяонпреп"""
41748;"ннн ""щЙЯОНПРЕП"" - ннн ""щйяонпреп""";38734;"ннн ""щйяонпреп""";"ннн ""щйяонпреп"""
59692;"ннн ""щкейрпн ункдхмц чц""";51465;"яЕПЦЕИ пНЫХМ";
59692;"ннн ""щкейрпн ункдхмц чц""";48892;"ннн ""щкейрпн ункдхмц чц""";"ннн ""щкейрпн ункдхмц чц"""
51105;"ннн ""щкелемр цпсоо""";38039;"ннн ""щкелемр цпсоо""";"ннн ""щкелемр цпсоо"""
51105;"ннн ""щкелемр цпсоо""";38043;"ннн ""щкелемр цпсоо""";"ннн ""щкелемр цпсоо"""
45577;"ннн ""щЛЮКЭ""";33223;"ннн ""щлюкэ""";"ннн ""щлюкэ"""
45577;"ннн ""щЛЮКЭ""";39622;"ннн ""щлюкэ""";"ннн ""щлюкэ"""
42138;"ннн ""щмдфни тсд""";30001;"ннн ""щмдфни тсд""";"ннн ""щмдфни тсд"""
42138;"ннн ""щмдфни тсд""";38738;"ннн ""щмдфни тсд""";"ннн ""щмдфни тсд"""
51514;"ннн ""щп-щп рюсщп""";38400;"ннн ""щп-щп рюсщп""";"ннн ""щп-щп рюсщп"""
51514;"ннн ""щп-щп рюсщп""";38446;"ннн ""щп-щп рюсщп""";"ннн ""щп-щп рюсщп"""
46057;"ннн ╚юкр щКЕЙРПНМХЙЯ╩ - ннн ""юкр щкейрпнмхйя""";33722;"ннн ""юкэрнмхйю""";"ннн ""юкэрнмхйю"""
46057;"ннн ╚юкр щКЕЙРПНМХЙЯ╩ - ннн ""юкр щкейрпнмхйя""";33726;"ннн ""юкр щкейрпнмхйя""";"ннн ""юкр щкейрпнмхйя"""
48217;"ннн ╚аЮГХЯРПЕИД╩";35602;"ннн ""аюгхярпеид""";"ннн ""аюгхярпеид"""
48217;"ннн ╚аЮГХЯРПЕИД╩";36851;"ннн ""аюгхярпеид""";"ннн ""аюгхярпеид"""
52723;"ннн ╚бЮКЙНЛ╩     - ннн ""бюкйнл""";39549;"ннн ""бюкйнл""";"ннн ""бюкйнл"""
52723;"ннн ╚бЮКЙНЛ╩     - ннн ""бюкйнл""";39550;нПЦЮМХГЮЖХЪ;"ннн"" бюкйнл"""
52723;"ннн ╚бЮКЙНЛ╩     - ннн ""бюкйнл""";39551;нПЦЮМХГЮЖХЪ;"ннн"" бюкйнл"""
52335;"ннн ╚бХМРПЕЯР-7╩";39146;"ннн ""бхмрпеяр-7""";"ннн ""бхмрпеяр-7"""
52335;"ннн ╚бХМРПЕЯР-7╩";39147;нПЦЮМХГЮЖХЪ;"ннн ""бхмрпеяр-7  """
48493;"ннн ╚цсярюп╩ - ннн ""цсярюп""";35725;"ннн ""цсярюп""";"ннн ""цсярюп"""
48493;"ннн ╚цсярюп╩ - ннн ""цсярюп""";39782;"ннн ""цсярюп""";"ннн ""цсярюп"""
18318;"ннн ╚дл реумнлюпй╩ - ннн ""дл реумнлюпй""";38666;"ннн ""дл реумнлюпй""";"ннн ""дл реумнлюпй"""
18318;"ннн ╚дл реумнлюпй╩ - ннн ""дл реумнлюпй""";38667;нПЦЮМХГЮЖХЪ;"ннн ""дл реумнлюпй"""
51576;"ннн ╚гхр╩ - ннн ""гхр""";38451;"ннн ""гхр""";"ннн ""гхр"""
51576;"ннн ╚гхр╩ - ннн ""гхр""";38452;нПЦЮМХГЮЖХЪ;"ннн ""гхр"""
47815;"ннн ╚хЛОСКЭЯ╩ - ннн ""хлоскэя""";35266;"ннн ""хлоскэя""";"ннн ""хлоскэя"""
47815;"ннн ╚хЛОСКЭЯ╩ - ннн ""хлоскэя""";37371;"ннн ""хлоскэя""";"ннн ""хлоскэя"""
51125;"ннн ╚хмфемепмше яхярелш╩";38057;"ннн ""хмфемепмше яхярелш""";"ннн ""хмфемепмше яхярелш"""
51125;"ннн ╚хмфемепмше яхярелш╩";38067;"ннн ""хмфемепмше яхярелш""";"ннн ""хмфемепмше яхярелш"""
51396;"ннн ╚кляхярелш╩";38406;"ннн ""кляхярелш""";"ннн ""кляхярелш"""
51396;"ннн ╚кляхярелш╩";38407;нПЦЮМХГЮЖХЪ;"ннн ""кляхярелш"""
48865;"ннн ╚кСВ-ЯОНПР╩ - ннн ""ксв-яонпр""";36148;"ннн ""ксв-яонпр""";"ннн ""ксв-яонпр"""
48865;"ннн ╚кСВ-ЯОНПР╩ - ннн ""ксв-яонпр""";37965;"ннн ""ксв-яонпр""";"ннн ""ксв-яонпр"""
1882;"ннн ╚лНАХ цПСОО╩";38668;"ннн ""лнах цпсоо""";"ннн ""лнах цпсоо"""
1882;"ннн ╚лНАХ цПСОО╩";38669;нПЦЮМХГЮЖХЪ;"ннн ""лнах цпсоо"""
52817;"ннн ╚пнлей мм╩ - ннн ""пнлей мм""";39611;"ннн ""пнлей мм""";"ннн ""пнлей мм"""
52817;"ннн ╚пнлей мм╩ - ннн ""пнлей мм""";39627;"ннн ""пнлей мм""";"ннн ""пнлей мм"""
57552;"ннн ╚яХАХПЯЙХИ рЕУМХВЕЯЙХИ жЕМРП╩ - ннн ""ярж""";53385;"юКЕЙЯЕИ оНОНБ";
57552;"ннн ╚яХАХПЯЙХИ рЕУМХВЕЯЙХИ жЕМРП╩ - ннн ""ярж""";45237;"ннн ""ярж""";"ннн ""ярж"""
52153;"ннн ╚яНКБХЯ╩/ юЯЙНМЮ";38955;"ннн ""янкбхя""";"ннн ""янкбхя"""
52153;"ннн ╚яНКБХЯ╩/ юЯЙНМЮ";38956;нПЦЮМХГЮЖХЪ;"ннн ""янкбхя"""
51439;"ннн ╚яяк-йНМРСП╩ ";38342;"ннн ""яяк-йнмрсп""";"ннн ""яяк-йнмрсп"""
51439;"ннн ╚яяк-йНМРСП╩ ";38343;нПЦЮМХГЮЖХЪ;"ннн""яяк-йнмрсп"""
51448;"ннн ╚реяр опнт╩";38348;нПЦЮМХГЮЖХЪ;"ннн ""реяр опнт"""
51448;"ннн ╚реяр опнт╩";38368;"ннн ""реяр опнт""";"ннн ""реяр опнт"""
31582;"ннн ╚рПЮМЯнИКоПНЖЕЯЯХМЦ╩ - ннн ""рно""";34315;"ннн ""рно""";"ннн ""рно"""
31582;"ннн ╚рПЮМЯнИКоПНЖЕЯЯХМЦ╩ - ннн ""рно""";38061;"ннн ""рно""";"ннн ""рно"""
50621;"ннн ╚сПЮК хМТНПЛ йНМЯЮКР╩ - ннн ""спюк хмтнпл йнмяюкр""";37586;"ннн ""спюк хмтнпл йнмяюкр""";"ннн ""спюк хмтнпл йнмяюкр"""
50621;"ннн ╚сПЮК хМТНПЛ йНМЯЮКР╩ - ннн ""спюк хмтнпл йнмяюкр""";39566;"ннн ""спюк хмтнпл йнмяюкр""";"ннн ""спюк хмтнпл йнмяюкр"""
33572;"ннн ╚жбермне╩ - ннн ""жбермне""";31465;"ннн ""жбермне""";"ннн ""жбермне"""
33572;"ннн ╚жбермне╩ - ннн ""жбермне""";39855;"ннн ""жбермне""";"ннн ""жбермне"""
45955;"ннн ╚щИПЙНМ йНМЯРПЮЙЬМ╩ - ннн ""брй-я""";33605;"ннн ""брй-я""";"ннн ""брй-я"""
45955;"ннн ╚щИПЙНМ йНМЯРПЮЙЬМ╩ - ннн ""брй-я""";37873;"ннн ""брй-я""";"ннн ""брй-я"""
23902;"ннн ╚ъпцкюяя╩ - ннн ""ъпцкюяя""";38213;"ннн ""ъпцкюяя""";"ннн ""ъпцкюяя"""
23902;"ннн ╚ъпцкюяя╩ - ннн ""ъпцкюяя""";38250;"ннн ""ъпцкюяя""";"ннн ""ъпцкюяя"""
51962;"ннн цй ""реумнятепю""";38810;"ннн цй ""реумнятепю""";"ннн цй ""реумнятепю"""
51962;"ннн цй ""реумнятепю""";38824;"ннн цй ""реумнятепю""";"ннн цй ""реумнятепю"""
12152;"ннн лой ""пНЛЙНП"" - ннн лой ""пнлйнп""";12152;"ннн лой ""пнлйнп""";"ннн лой ""пнлйнп"""
12152;"ннн лой ""пНЛЙНП"" - ннн лой ""пнлйнп""";34110;нПЦЮМХГЮЖХЪ;"ннн  лой ""пнлйнп"""
49083;"ннн мот ╚кщю╩ - ннн мот ""кщю""";36317;"ннн мот ""кщю""";"ннн мот ""кщю"""
49083;"ннн мот ╚кщю╩ - ннн мот ""кщю""";38222;"ннн мот ""кщю""";"ннн мот ""кщю"""
51639;"ннн оЮПХРЕР";38517;"ннн ""оюпхрер""";"ннн ""оюпхрер"""
51639;"ннн оЮПХРЕР";38518;нПЦЮМХГЮЖХЪ;"ннн ""оюпхрер"""
58594;"ннн рнпцнбши днл ""юпйрсп-яепбхя""";51873;"чПХИ яРНЕБ";
58594;"ннн рнпцнбши днл ""юпйрсп-яепбхя""";46426;"ннн рнпцнбши днл ""юпйрсп-яепбхя""";"ннн рнпцнбши днл ""юпйрсп-яепбхя"""
25584;оюпрм╗п;31082;"ннн ""оюпрм╗п""";"ннн ""оюпрм╗п"""
25584;оюпрм╗п;37722;"ннн ""оюпрм╗п""";"ннн ""оюпрм╗п"""
40898;"оептнпюжхъ ннн";53220;"бКЮДХЯКЮБ бЮЫХКН";
40898;"оептнпюжхъ ннн";29824;нПЦЮМХГЮЖХЪ;"ннн ╚оептнпюжхъ╩"
42210;"оерпнрнпц ннн - ннн ""йюярнлеп нор""";31834;"ннн ""йюярнлеп нор""";"ннн ""йюярнлеп нор"""
42210;"оерпнрнпц ннн - ннн ""йюярнлеп нор""";32771;"ннн ""оерпнрнпц""";"ннн ""йюярнлеп нор"""
80;"ойнте - хо яСПХЙНБ юКЕЙЯЮМДП бКЮДХЛХПНБХВ";10;"ннн ""ойнте""";"ннн ""ойнте"""
80;"ойнте - хо яСПХЙНБ юКЕЙЯЮМДП бКЮДХЛХПНБХВ";32369;"хо яСПХЙНБ юКЕЙЯЮМДП бКЮДХЛХПНБХВ";"хо яСПХЙНБ юКЕЙЯЮМДП бКЮДХЛХПНБХВ"
44252;"оНГХРХБ ннн - ннн ""онгхрхб""";30721;нПЦЮМХГЮЖХЪ;"ннн ""онгхрхб"""
44252;"оНГХРХБ ннн - ннн ""онгхрхб""";30722;"ннн ""онгхрхб""";"ннн ""онгхрхб"""
27800;"оНГХРПНМХЙЮ-юЛСП - ннн ""онгхрпнмхйю-юлсп""";36815;"ннн ""онгхрпнмхйю-юлсп""";"ннн ""онгхрпнмхйю-юлсп"""
27800;"оНГХРПНМХЙЮ-юЛСП - ннн ""онгхрпнмхйю-юлсп""";38589;"ннн ""онгхрпнмхйю-юлсп""";"ннн ""онгхрпнмхйю-юлсп"""
34566;"онкхоюй - ннн ""онкхоюй""";32508;"ннн ""онкхоюй""";"ннн ""онкхоюй"""
34566;"онкхоюй - ннн ""онкхоюй""";32875;"ннн ""онкхоюй""";"ннн ""онкхоюй"""
45432;"оПЮИЛ - ннн ""опюил""";33073;"ннн ""опюил""";"ннн ""опюил"""
45432;"оПЮИЛ - ннн ""опюил""";37729;"ннн ""опюил""";"ннн ""опюил"""
30788;"оПНЕЙР 111 ннн";31216;"ннн ""опнейр 111""";"ннн ""опнейр 111"""
30788;"оПНЕЙР 111 ннн";35817;"ннн ""опнейр 111""";"ннн ""опнейр 111"""
44546;"опнлнанпсднбюмхе  - ннн ""опнлнанпсднбюмхе"" / 	 юЙБЮЙСКЭРСПЮ";32088;"ннн ""опнлнанпсднбюмхе""";"ннн ""опнлнанпсднбюмхе"""
44546;"опнлнанпсднбюмхе  - ннн ""опнлнанпсднбюмхе"" / 	 юЙБЮЙСКЭРСПЮ";38282;"ннн ""опнлнанпсднбюмхе""";"ннн ""опнлнанпсднбюмхе"""
46210;"оПНТлЕДяМЮА - ннн ""опнтледямюа""";33864;"ннн ""опнтледямюа""";"ннн ""опнтледямюа"""
46210;"оПНТлЕДяМЮА - ннн ""опнтледямюа""";37543;"ннн ""опнтледямюа""";"ннн ""опнтледямюа"""
21976;"пЮМДЕБС - ннн ""пюмдебс""";32288;"ннн ""пюмдебс""";"ннн ""пюмдебс"""
21976;"пЮМДЕБС - ннн ""пюмдебс""";38108;"ннн ""пюмдебс""";"ннн ""пюмдебс"""
33962;"пНЯЮРНЛ - цо аЮКЮЙНБЯЙЮЪ юЩЯ";53516;"юКЕЙЯЕИ рЕДЕЕБ";
33962;"пНЯЮРНЛ - цо аЮКЮЙНБЯЙЮЪ юЩЯ";51942;"цо аюкюйнбяйюъ ющя";"цо аюкюйнбяйюъ ющя"
45059;"пНРТСЯ юКХМЮ юКЕЙЯЕЕБМЮ";32669;"хо пнртся юкхмю юкейяеебмю";"хо пНРТСЯ юКХМЮ юКЕЙЯЕЕБМЮ"
45059;"пНРТСЯ юКХМЮ юКЕЙЯЕЕБМЮ";38596;"ннн ""кейпни рейярхкэ""";"ннн ""кейпни рейярхкэ"""
37446;"прг ннн - ннн ""прг""";31792;"ннн ""прг""";"ннн ""прг"""
37446;"прг ннн - ннн ""прг""";35015;"ннн ""прг""";"ннн ""прг"""
45380;"пСЯЛЕДЯЕПБХЯ - ннн ""псяледяепбхя""";52504;"еБЦЕМХИ аНПХЯНБ";
45380;"пСЯЛЕДЯЕПБХЯ - ннн ""псяледяепбхя""";33021;"ннн ""псяледяепбхя""";"ннн ""псяледяепбхя"""
13662;ЯЮКНМ;51595;"оНКХБЪММШИ дЛХРПХИ";
13662;ЯЮКНМ;30880;"хо аЮГСЕБ оЮБЕК бХРЮКЭЕБХВ";
5048;"яаеп - оюн яаепаюмй";37173;"оюн яаепаюмй";"оюн яаепаюмй"
5048;"яаеп - оюн яаепаюмй";37546;"оюн яаепаюмй";"оюн яаепаюмй"
51172;яЕББЕРЖЕМРП;38110;"цас ""яеббержемрп""";"цас ""яеббержемрп"""
51172;яЕББЕРЖЕМРП;38111;нПЦЮМХГЮЖХЪ;"цас ""яеббержемрп"""
30870;"янкнбэебю юммю бюкепэебмю хо - хо яНКНБЭЕБЮ юММЮ бЮКЕПЭЕБМЮ";31227;"хо рПЮБЙХМ юКЕЙЯЕИ яЕПЦЕЕБХВ";
30870;"янкнбэебю юммю бюкепэебмю хо - хо яНКНБЭЕБЮ юММЮ бЮКЕПЭЕБМЮ";33157;"хо яНКНБЭЕБЮ юММЮ бЮКЕПЭЕБМЮ";
28400;"яоюяяйжелемр юн (рЮИЦЕП яМЮА ннн) - ннн ""рюицеп ямюа""";30256;нПЦЮМХГЮЖХЪ;"юн ""яоюяяйжелемр"""
28400;"яоюяяйжелемр юн (рЮИЦЕП яМЮА ннн) - ннн ""рюицеп ямюа""";31772;"ннн ""рюицеп ямюа""";"ннн ""рюицеп ямюа"""
44135;"яоа цасг йКХМХВЕЯЙЮЪ аНКЭМХЖЮ яБЪРХРЕКЪ кСЙХ ";30636;"яоа цасг йкхмхвеяйюъ анкэмхжю ябърхрекъ ксйх";"яоа цасг йкхмхвеяйюъ анкэмхжю ябърхрекъ ксйх"
44135;"яоа цасг йКХМХВЕЯЙЮЪ аНКЭМХЖЮ яБЪРХРЕКЪ кСЙХ ";30637;нПЦЮМХГЮЖХЪ;"яоа цасг йкхмхвеяйюъ анкэмхжю ябърхрекъ ксйх"
49294;"яяс-99 - ннн ""яяс-99""";36471;"ннн ""яяс-99""";"ннн ""яяс-99"""
49294;"яяс-99 - ннн ""яяс-99""";36905;"ннн ""яяс-99""";"ннн ""яяс-99"""
41927;ярюик;30344;нПЦЮМХГЮЖХЪ;"ннн ""ярюик"""
41927;ярюик;37564;"ннн ""ярюик""";"ннн ""ярюик"""
62104;"ярюпхйнбю мюрюкэъ бкюдхлхпнбмю";42726;"ннн ""йя щмепцнлюйя""";"ннн ""йя щмепцнлюйя"""
62104;"ярюпхйнбю мюрюкэъ бкюдхлхпнбмю";52305;хо;
45001;"рЮРХЫЕБЯЙЮЪ ЯШПНБЮПМЪ - ннн ""рюрхыебяйюъ яшпнбюпмъ""";32604;"ннн ""рюрхыебяйюъ яшпнбюпмъ""";"ннн ""рюрхыебяйюъ яшпнбюпмъ"""
45001;"рЮРХЫЕБЯЙЮЪ ЯШПНБЮПМЪ - ннн ""рюрхыебяйюъ яшпнбюпмъ""";37166;"ннн ""рюрхыебяйюъ яшпнбюпмъ""";"ннн ""рюрхыебяйюъ яшпнбюпмъ"""
41899;рбя;29971;"ннн ""рбя""";"ннн ""рбя"""
41899;рбя;38471;"ннн ""рбя""";"ннн ""рбя"""
43400;"рЕКЕЙНЛ-ЛЮЯРЕП ннн";30228;нПЦЮМХГЮЖХЪ;"ннн ""рекейнл-люяреп"""
43400;"рЕКЕЙНЛ-ЛЮЯРЕП ннн";37857;"ннн ""рекейнл-люяреп""";"ннн ""рекейнл-люяреп"""
27020;"рЕОКНБНДНЛЕП - юн ""реокнбнднлеп""";35016;"юн ""реокнбнднлеп""";"юн ""реокнбнднлеп"""
27020;"рЕОКНБНДНЛЕП - юн ""реокнбнднлеп""";38385;"юн ""реокнбнднлеп""";"юн ""реокнбнднлеп"""
42714;"реумн-м - ннн ""реумн-м""";33044;"ннн ""реумн-м""";"ннн ""реумн-м"""
42714;"реумн-м - ннн ""реумн-м""";39263;"ннн ""реумн-м""";"ннн ""реумн-м"""
38182;"реумнкнцхх бйсяю ннн";54012;юКЕЙЯЮМДП;
38182;"реумнкнцхх бйсяю ннн";36107;"ннн ""реумнкнцхх бйсяю""";"ннн ""реумнкнцхх бйсяю"""
30820;"рНМЕП - ннн ""рнмеп24""";35620;"ннн ""рнмеп24""";"ннн ""рнмеп24"""
30820;"рНМЕП - ннн ""рнмеп24""";38382;"ннн ""рнмеп24""";"ннн ""рнмеп24"""
48850;"тХКХЮК оюн ╚нюй╩ √ мюг ХЛ. б.о. вЙЮКНБЮ - оюн ""нюй""";37147;"оюн ""нюй""";"оюн ""нюй"""
48850;"тХКХЮК оюн ╚нюй╩ √ мюг ХЛ. б.о. вЙЮКНБЮ - оюн ""нюй""";37928;"оюн ""нюй""";"оюн ""нюй"""
34422;"жо ннн - ннн ""жо""";54031;"юМДПЕИ 2870";
34422;"жо ннн - ннн ""жо""";35805;"ннн ""жо""";"ннн ""жо"""
42906;"ьйнкю кернбн нюмн";30099;нПЦЮМХГЮЖХЪ;"нюмн ╚ьйнкю ╚кернбн╩"
42906;"ьйнкю кернбн нюмн";39157;"нюмн ""ьйнкю ""кернбн""";"нюмн ""ьйнкю ""кернбн"""
15620;"щйн рЕУМНКНЦХХ - ннн ""щйн реумнкнцхх"" - ннн ""щйн""";38691;"ннн ""щйн""";"ннн ""щйн"""
15620;"щйн рЕУМНКНЦХХ - ннн ""щйн реумнкнцхх"" - ннн ""щйн""";38700;"ннн ""щйн""";"ннн ""щйн"""
51737;"щйнябер - ннн ""щйнябер""";38619;"ннн ""щйнябер""";"ннн ""щйнябер"""
51737;"щйнябер - ннн ""щйнябер""";38643;"ннн ""щйнябер""";"ннн ""щйнябер"""
1364;"щКЕЙРПНрНПЦ ннн";30158;нПЦЮМХГЮЖХЪ;"ннн ""щкейрпнрнпц"""
1364;"щКЕЙРПНрНПЦ ннн";39873;"ннн ""щкейрпнрнпц""";"ннн ""щкейрпнрнпц"""
28040;"щМХЙЯ - ннн ""щмхйя""";33854;"ннн ""щмхйя""";"ннн ""щмхйя"""
28040;"щМХЙЯ - ннн ""щмхйя""";38544;"ннн ""щмхйя""";"ннн ""щмхйя"""
43390;"чм-рпеид ннн - ннн ""чм-рпеид""";30215;нПЦЮМХГЮЖХЪ;"ннн ""йнлн лх"""
43390;"чм-рпеид ннн - ннн ""чм-рпеид""";33565;"ннн ""чм-рпеид""";"ннн ""чм-рпеид"""
30350;чМХЙНПМ;51485;"еБЦЕМХЪ мХЙНКЭЯЙЮЪ";
30350;чМХЙНПМ;36064;"ннн ""чмхйнпм""";"ннн ""чмхйнпм"""
47635;чМХрПЕИДцПСОО;35152;нПЦЮМХГЮЖХЪ;"ннн ""чрц"""
47635;чМХрПЕИДцПСОО;38674;"ннн ""чрц""";"ннн ""чрц"""
